Drop database if exists DBD;

CREATE DATABASE DBD;
use DBD;


CREATE TABLE Population_data_sejong (
    region_id CHAR(5) UNIQUE,
    region_name VARCHAR(4) NOT NULL UNIQUE,
    household_number INT,
    local_resident_male INT,
    local_resident_female INT,
    foreign_resident_male INT,
    foreign_resident_female INT,
    PRIMARY KEY (region_id)
);


CREATE TABLE jurisdiction (	
    firestation_id VARCHAR(5) REFERENCES status_firestation_sejong (firestation_id),
    region_id VARCHAR(5) REFERENCES Population_data_sejong (region_id)
);


CREATE TABLE status_firestation_sejong (
    firestation_id VARCHAR(5) UNIQUE,
    classification VARCHAR(7) NOT NULL,
    facility_name VARCHAR(10) NOT NULL UNIQUE,
    address VARCHAR(30) NOT NULL,
    latitude INT NOT NULL,
    longitude INT NOT NULL,
    contact_address VARCHAR(12),
    team_num INT NOT NULL,
    PRIMARY KEY (firestation_id)
);


CREATE TABLE Weather (
    weather_date DATE,
    humidity INT NOT NULL,
    temp INT NOT NULL,
    wind_sp INT NOT NULL,
    rainfall INT NOT NULL,
    w_type varCHAR(2) NOT NULL,
    PRIMARY KEY (weather_date)
);


CREATE TABLE ReportData (
    report_id CHAR(5) unique,
    firestation_id VARCHAR(5) REFERENCES Status_firestation_sejong (firestation_id),
    report_time TIME NOT NULL,
    moved_team INT NOT NULL,
    PRIMARY KEY (report_id)
);


CREATE TABLE CaseData (
    case_id CHAR(5) UNIQUE,
    report_id CHAR(5) UNIQUE REFERENCES ReportData (report_id),
    case_type CHAR(1) NOT NULL,
    occur_date INT NOT NULL REFERENCES Weather (occur_date),
    arrive_time TIME NOT NULL,
    region_id CHAR(5) NOT NULL,
    death_num INT ,
    injured_num INT ,
    PRIMARY KEY (case_id, case_type)
);

CREATE TABLE Fire_Case (
    case_id CHAR(5) UNIQUE REFERENCES Casedata (case_id),
    damage_area INT NOT NULL,
    damage_cost INT NOT NULL,
    fire_type VARCHAR(10) NOT NULL
);
--     CONSTRAINT CaseData_Fire_Case FOREIGN KEY (case_id, case_type)
--         REFERENCES CaseData (case_id, case_type)

CREATE TABLE Emergency_Case (
    case_id CHAR(5) UNIQUE REFERENCES Casedata (case_id),
    site_arrive_t TIME NOT NULL,
    hospital_arrive_t TIME NOT NULL,
    emergency_type VARCHAR(20) NOT NULL
);
--     CONSTRAINT CaseData_Fire_Case FOREIGN KEY (case_id, case_type)
--         REFERENCES CaseData (case_id, case_type)

CREATE TABLE Aid_Case (
    case_id CHAR(5) UNIQUE REFERENCES Casedata (case_id),
    aid_type VARCHAR(10) NOT NULL
);
--     CONSTRAINT CaseData_Fire_Case FOREIGN KEY (case_id, case_type)
--         REFERENCES CaseData (case_id, case_type)

INSERT INTO aid_case VALUES('IC011','elev');
INSERT INTO aid_case VALUES('IC027','mount');
INSERT INTO aid_case VALUES('IC037','elev');
INSERT INTO aid_case VALUES('IC039','anim');
INSERT INTO aid_case VALUES('IC047','pin');
INSERT INTO aid_case VALUES('IC049','pin');
INSERT INTO aid_case VALUES('IC050','anim');
INSERT INTO aid_case VALUES('IC054','anim');
INSERT INTO aid_case VALUES('IC056','disaster');
INSERT INTO aid_case VALUES('IC059','const');
INSERT INTO aid_case VALUES('IC066','anim');
INSERT INTO aid_case VALUES('IC072','elev');
INSERT INTO aid_case VALUES('IC074','mount');
INSERT INTO aid_case VALUES('IC075','pin');
INSERT INTO aid_case VALUES('IC077','const');
INSERT INTO aid_case VALUES('IC078','const');
INSERT INTO aid_case VALUES('IC084','const');
INSERT INTO aid_case VALUES('IC095','elev');
INSERT INTO aid_case VALUES('IC096','disaster');
INSERT INTO aid_case VALUES('IC097','elev');
INSERT INTO aid_case VALUES('IC099','pin');
INSERT INTO aid_case VALUES('IC100','pin');
INSERT INTO aid_case VALUES('IC114','pin');
INSERT INTO aid_case VALUES('IC116','disaster');
INSERT INTO aid_case VALUES('IC117','mount');
INSERT INTO aid_case VALUES('IC118','elev');
INSERT INTO aid_case VALUES('IC121','anim');
INSERT INTO aid_case VALUES('IC123','elev');
INSERT INTO aid_case VALUES('IC125','elev');
INSERT INTO aid_case VALUES('IC136','disaster');
INSERT INTO aid_case VALUES('IC139','disaster');
INSERT INTO aid_case VALUES('IC142','disaster');
INSERT INTO aid_case VALUES('IC143','anim');
INSERT INTO aid_case VALUES('IC144','mount');
INSERT INTO aid_case VALUES('IC145','elev');
INSERT INTO aid_case VALUES('IC148','elev');
INSERT INTO aid_case VALUES('IC155','mount');
INSERT INTO aid_case VALUES('IC156','anim');
INSERT INTO aid_case VALUES('IC157','elev');
INSERT INTO aid_case VALUES('IC160','elev');
INSERT INTO aid_case VALUES('IC167','elev');
INSERT INTO aid_case VALUES('IC169','mount');
INSERT INTO aid_case VALUES('IC170','elev');
INSERT INTO aid_case VALUES('IC171','disaster');
INSERT INTO aid_case VALUES('IC179','disaster');
INSERT INTO aid_case VALUES('IC180','const');
INSERT INTO aid_case VALUES('IC181','elev');
INSERT INTO aid_case VALUES('IC182','disaster');
INSERT INTO aid_case VALUES('IC184','elev');
INSERT INTO aid_case VALUES('IC190','disaster');
INSERT INTO aid_case VALUES('IC192','anim');
INSERT INTO aid_case VALUES('IC194','mount');
INSERT INTO aid_case VALUES('IC200','elev');
INSERT INTO aid_case VALUES('IC205','mount');
INSERT INTO aid_case VALUES('IC206','mount');
INSERT INTO aid_case VALUES('IC208','mount');
INSERT INTO aid_case VALUES('IC216','const');
INSERT INTO aid_case VALUES('IC218','const');
INSERT INTO aid_case VALUES('IC222','pin');
INSERT INTO aid_case VALUES('IC224','const');
INSERT INTO aid_case VALUES('IC228','anim');
INSERT INTO aid_case VALUES('IC230','elev');
INSERT INTO aid_case VALUES('IC231','anim');
INSERT INTO aid_case VALUES('IC238','anim');
INSERT INTO aid_case VALUES('IC239','pin');
INSERT INTO aid_case VALUES('IC243','pin');
INSERT INTO aid_case VALUES('IC244','disaster');
INSERT INTO aid_case VALUES('IC248','const');
INSERT INTO aid_case VALUES('IC250','elev');
INSERT INTO aid_case VALUES('IC254','anim');
INSERT INTO aid_case VALUES('IC256','pin');
INSERT INTO aid_case VALUES('IC258','elev');
INSERT INTO aid_case VALUES('IC260','elev');
INSERT INTO aid_case VALUES('IC261','disaster');
INSERT INTO aid_case VALUES('IC266','const');
INSERT INTO aid_case VALUES('IC271','const');
INSERT INTO aid_case VALUES('IC275','pin');
INSERT INTO aid_case VALUES('IC280','pin');
INSERT INTO aid_case VALUES('IC282','disaster');
INSERT INTO aid_case VALUES('IC284','disaster');
INSERT INTO aid_case VALUES('IC286','elev');
INSERT INTO aid_case VALUES('IC288','const');
INSERT INTO aid_case VALUES('IC290','elev');
INSERT INTO aid_case VALUES('IC293','disaster');
INSERT INTO aid_case VALUES('IC298','disaster');
INSERT INTO aid_case VALUES('IC299','mount');
INSERT INTO casedata VALUES('IC001','ER001','R','201101','193535','SO001','2','8');
INSERT INTO casedata VALUES('IC002','ER002','F','201101','84801','SM008','6','14');
INSERT INTO casedata VALUES('IC003','ER003','R','201101','221548','SM008','4','8');
INSERT INTO casedata VALUES('IC004','ER004','F','201101','43828','SM002','4','4');
INSERT INTO casedata VALUES('IC005','ER005','F','201101','122842','SO001','5','9');
INSERT INTO casedata VALUES('IC006','ER006','R','201101','50002','SM007','4','5');
INSERT INTO casedata VALUES('IC007','ER007','R','201101','114416','SM009','1','10');
INSERT INTO casedata VALUES('IC008','ER008','R','201101','163644','SO001','1','7');
INSERT INTO casedata VALUES('IC009','ER009','R','201101','91254','SM009','3','9');
INSERT INTO casedata VALUES('IC010','ER010','F','201102','230018','SM001','6','5');
INSERT INTO casedata VALUES('IC011','ER011','A','201102','90534','SM001','1','24');
INSERT INTO casedata VALUES('IC012','ER012','F','201102','80318','SD007','9','8');
INSERT INTO casedata VALUES('IC013','ER013','F','201102','105204','SM004','1','14');
INSERT INTO casedata VALUES('IC014','ER014','R','201102','192058','SM002','7','2');
INSERT INTO casedata VALUES('IC015','ER015','F','201102','43538','SD003','9','6');
INSERT INTO casedata VALUES('IC016','ER016','F','201102','31948','SM005','2','11');
INSERT INTO casedata VALUES('IC017','ER017','R','201102','232400','SM004','3','13');
INSERT INTO casedata VALUES('IC018','ER018','F','201102','153032','SM009','3','22');
INSERT INTO casedata VALUES('IC019','ER019','F','201102','190631','SM003','8','5');
INSERT INTO casedata VALUES('IC020','ER020','R','201102','233356','SO001','6','17');
INSERT INTO casedata VALUES('IC021','ER021','F','201102','194140','SM008','2','2');
INSERT INTO casedata VALUES('IC022','ER022','R','201102','153731','SO001','1','16');
INSERT INTO casedata VALUES('IC023','ER023','F','201102','62936','SO001','6','12');
INSERT INTO casedata VALUES('IC024','ER024','R','201102','173424','SO001','0','11');
INSERT INTO casedata VALUES('IC025','ER025','R','201103','222803','SO001','7','10');
INSERT INTO casedata VALUES('IC026','ER026','R','201103','124524','SM001','6','17');
INSERT INTO casedata VALUES('IC027','ER027','A','201103','140458','SM009','7','19');
INSERT INTO casedata VALUES('IC028','ER028','F','201103','222624','SD001','9','19');
INSERT INTO casedata VALUES('IC029','ER029','F','201103','94114','SO001','2','28');
INSERT INTO casedata VALUES('IC030','ER030','R','201103','210225','SM008','2','5');
INSERT INTO casedata VALUES('IC031','ER031','F','201103','190617','SD007','7','6');
INSERT INTO casedata VALUES('IC032','ER032','F','201104','194420','SD001','0','16');
INSERT INTO casedata VALUES('IC033','ER033','F','201104','191801','SD003','8','15');
INSERT INTO casedata VALUES('IC034','ER034','R','201104','222455','SM002','6','15');
INSERT INTO casedata VALUES('IC035','ER035','R','201104','200911','SM007','2','33');
INSERT INTO casedata VALUES('IC036','ER036','F','201104','184229','SM002','8','3');
INSERT INTO casedata VALUES('IC037','ER037','A','201104','142426','SM006','4','2');
INSERT INTO casedata VALUES('IC038','ER038','R','201104','114853','SM004','9','16');
INSERT INTO casedata VALUES('IC039','ER039','A','201104','120526','SO001','3','9');
INSERT INTO casedata VALUES('IC040','ER040','F','201104','193748','SD004','3','16');
INSERT INTO casedata VALUES('IC041','ER041','R','201104','191716','SM005','3','18');
INSERT INTO casedata VALUES('IC042','ER042','F','201105','22935','SM004','8','15');
INSERT INTO casedata VALUES('IC043','ER043','R','201105','105756','SO001','4','5');
INSERT INTO casedata VALUES('IC044','ER044','R','201105','63521','SM007','1','23');
INSERT INTO casedata VALUES('IC045','ER045','F','201105','34743','SM008','0','18');
INSERT INTO casedata VALUES('IC046','ER046','F','201105','214550','SD003','8','31');
INSERT INTO casedata VALUES('IC047','ER047','A','201105','192347','SM008','6','18');
INSERT INTO casedata VALUES('IC048','ER048','R','201105','2357','SM001','9','12');
INSERT INTO casedata VALUES('IC049','ER049','A','201105','170457','SM001','1','17');
INSERT INTO casedata VALUES('IC050','ER050','A','201105','125838','SM003','3','15');
INSERT INTO casedata VALUES('IC051','ER051','R','201105','43910','SM004','9','21');
INSERT INTO casedata VALUES('IC052','ER052','R','201105','43432','SM008','3','8');
INSERT INTO casedata VALUES('IC053','ER053','R','201105','62247','SM005','2','35');
INSERT INTO casedata VALUES('IC054','ER054','A','201106','73525','SD003','7','18');
INSERT INTO casedata VALUES('IC055','ER055','F','201106','90151','SM007','1','15');
INSERT INTO casedata VALUES('IC056','ER056','A','201106','91321','SO001','8','28');
INSERT INTO casedata VALUES('IC057','ER057','R','201106','100927','SM003','2','18');
INSERT INTO casedata VALUES('IC058','ER058','R','201106','30759','SD002','0','16');
INSERT INTO casedata VALUES('IC059','ER059','A','201106','24320','SM005','2','7');
INSERT INTO casedata VALUES('IC060','ER060','R','201106','4002','SM004','7','15');
INSERT INTO casedata VALUES('IC061','ER061','R','201107','20528','SM003','2','14');
INSERT INTO casedata VALUES('IC062','ER062','R','201107','134804','SM008','2','4');
INSERT INTO casedata VALUES('IC063','ER063','F','201107','71427','SO001','8','1');
INSERT INTO casedata VALUES('IC064','ER064','R','201107','83938','SM008','2','26');
INSERT INTO casedata VALUES('IC065','ER065','F','201107','155136','SO001','6','19');
INSERT INTO casedata VALUES('IC066','ER066','A','201107','162154','SM005','9','11');
INSERT INTO casedata VALUES('IC067','ER067','F','201107','32657','SM008','1','14');
INSERT INTO casedata VALUES('IC068','ER068','F','201107','33139','SM008','4','16');
INSERT INTO casedata VALUES('IC069','ER069','R','201107','141207','SD002','3','8');
INSERT INTO casedata VALUES('IC070','ER070','R','201107','94859','SM003','3','17');
INSERT INTO casedata VALUES('IC071','ER071','F','201107','160617','SD001','7','27');
INSERT INTO casedata VALUES('IC072','ER072','A','201107','224023','SM001','2','12');
INSERT INTO casedata VALUES('IC073','ER073','F','201108','40319','SM009','4','2');
INSERT INTO casedata VALUES('IC074','ER074','A','201108','150620','SD001','2','6');
INSERT INTO casedata VALUES('IC075','ER075','A','201108','70559','SD001','3','6');
INSERT INTO casedata VALUES('IC076','ER076','R','201108','125044','SD003','9','12');
INSERT INTO casedata VALUES('IC077','ER077','A','201108','172715','SM004','8','7');
INSERT INTO casedata VALUES('IC078','ER078','A','201108','4728','SM008','5','3');
INSERT INTO casedata VALUES('IC079','ER079','F','201108','140136','SM002','1','15');
INSERT INTO casedata VALUES('IC080','ER080','R','201108','171055','SM004','3','11');
INSERT INTO casedata VALUES('IC081','ER081','F','201108','132556','SM001','3','9');
INSERT INTO casedata VALUES('IC082','ER082','F','201108','82642','SO001','9','2');
INSERT INTO casedata VALUES('IC083','ER083','R','201109','91803','SD001','0','10');
INSERT INTO casedata VALUES('IC084','ER084','A','201109','185855','SD002','5','35');
INSERT INTO casedata VALUES('IC085','ER085','R','201109','80044','SM001','7','6');
INSERT INTO casedata VALUES('IC086','ER086','R','201109','5929','SM008','1','1');
INSERT INTO casedata VALUES('IC087','ER087','F','201109','93905','SM007','2','12');
INSERT INTO casedata VALUES('IC088','ER088','F','201109','23554','SM001','1','21');
INSERT INTO casedata VALUES('IC089','ER089','F','201109','150650','SM009','0','6');
INSERT INTO casedata VALUES('IC090','ER090','R','201109','182020','SM004','2','16');
INSERT INTO casedata VALUES('IC091','ER091','R','201109','40336','SM009','1','19');
INSERT INTO casedata VALUES('IC092','ER092','R','201109','194150','SD001','0','10');
INSERT INTO casedata VALUES('IC093','ER093','R','201110','104627','SD006','4','5');
INSERT INTO casedata VALUES('IC094','ER094','F','201110','5402','SM009','5','10');
INSERT INTO casedata VALUES('IC095','ER095','A','201110','141006','SD006','9','7');
INSERT INTO casedata VALUES('IC096','ER096','A','201110','123439','SO001','0','12');
INSERT INTO casedata VALUES('IC097','ER097','A','201110','144048','SM008','0','19');
INSERT INTO casedata VALUES('IC098','ER098','R','201110','233548','SM008','4','4');
INSERT INTO casedata VALUES('IC099','ER099','A','201110','34156','SD002','6','8');
INSERT INTO casedata VALUES('IC100','ER100','A','201110','60727','SM008','4','16');
INSERT INTO casedata VALUES('IC101','ER101','F','201110','3552','SD005','6','6');
INSERT INTO casedata VALUES('IC102','ER102','F','201110','154457','SD005','7','12');
INSERT INTO casedata VALUES('IC103','ER103','F','201110','135500','SM004','2','27');
INSERT INTO casedata VALUES('IC104','ER104','F','201111','1651','SM009','9','26');
INSERT INTO casedata VALUES('IC105','ER105','F','201111','122915','SD003','0','9');
INSERT INTO casedata VALUES('IC106','ER106','F','201111','53830','SM005','4','6');
INSERT INTO casedata VALUES('IC107','ER107','R','201111','53409','SM002','5','9');
INSERT INTO casedata VALUES('IC108','ER108','R','201111','192541','SM009','6','9');
INSERT INTO casedata VALUES('IC109','ER109','R','201111','195610','SM004','1','4');
INSERT INTO casedata VALUES('IC110','ER110','F','201111','161324','SM004','5','3');
INSERT INTO casedata VALUES('IC111','ER111','R','201112','124123','SM009','0','18');
INSERT INTO casedata VALUES('IC112','ER112','R','201112','182057','SO001','6','2');
INSERT INTO casedata VALUES('IC113','ER113','R','201112','2420','SM006','5','21');
INSERT INTO casedata VALUES('IC114','ER114','A','201112','11009','SM002','5','29');
INSERT INTO casedata VALUES('IC115','ER115','R','201112','30914','SM005','2','5');
INSERT INTO casedata VALUES('IC116','ER116','A','201112','183655','SO001','8','6');
INSERT INTO casedata VALUES('IC117','ER117','A','201112','135324','SM001','6','16');
INSERT INTO casedata VALUES('IC118','ER118','A','201112','124048','SM004','1','17');
INSERT INTO casedata VALUES('IC119','ER119','R','201112','65750','SO001','2','20');
INSERT INTO casedata VALUES('IC120','ER120','F','201112','162311','SD005','8','4');
INSERT INTO casedata VALUES('IC121','ER121','A','201112','90646','SM008','5','6');
INSERT INTO casedata VALUES('IC122','ER122','F','201112','224608','SM001','9','19');
INSERT INTO casedata VALUES('IC123','ER123','A','201112','150324','SM009','8','19');
INSERT INTO casedata VALUES('IC124','ER124','R','201112','195137','SD003','5','25');
INSERT INTO casedata VALUES('IC125','ER125','A','201112','62148','SM008','4','7');
INSERT INTO casedata VALUES('IC126','ER126','R','201113','141315','SM004','2','11');
INSERT INTO casedata VALUES('IC127','ER127','F','201113','31813','SD006','4','12');
INSERT INTO casedata VALUES('IC128','ER128','F','201113','165337','SM006','1','12');
INSERT INTO casedata VALUES('IC129','ER129','F','201113','214733','SM008','0','12');
INSERT INTO casedata VALUES('IC130','ER130','R','201113','200208','SM003','1','3');
INSERT INTO casedata VALUES('IC131','ER131','R','201113','103100','SM008','8','17');
INSERT INTO casedata VALUES('IC132','ER132','F','201114','55454','SD007','2','25');
INSERT INTO casedata VALUES('IC133','ER133','F','201114','34412','SM004','7','21');
INSERT INTO casedata VALUES('IC134','ER134','R','201114','75600','SM006','4','5');
INSERT INTO casedata VALUES('IC135','ER135','R','201114','65139','SM002','7','27');
INSERT INTO casedata VALUES('IC136','ER136','A','201114','113655','SM004','5','19');
INSERT INTO casedata VALUES('IC137','ER137','F','201114','81809','SM002','8','19');
INSERT INTO casedata VALUES('IC138','ER138','R','201114','133044','SD004','9','25');
INSERT INTO casedata VALUES('IC139','ER139','A','201114','234446','SM002','6','5');
INSERT INTO casedata VALUES('IC140','ER140','F','201114','94011','SO001','1','16');
INSERT INTO casedata VALUES('IC141','ER141','F','201114','155518','SD001','4','17');
INSERT INTO casedata VALUES('IC142','ER142','A','201114','175811','SM008','3','19');
INSERT INTO casedata VALUES('IC143','ER143','A','201114','12520','SM009','2','9');
INSERT INTO casedata VALUES('IC144','ER144','A','201114','105845','SM001','5','11');
INSERT INTO casedata VALUES('IC145','ER145','A','201114','40840','SM006','7','8');
INSERT INTO casedata VALUES('IC146','ER146','R','201115','154222','SD005','9','3');
INSERT INTO casedata VALUES('IC147','ER147','R','201115','11213','SM008','3','13');
INSERT INTO casedata VALUES('IC148','ER148','A','201115','60103','SD003','0','12');
INSERT INTO casedata VALUES('IC149','ER149','F','201115','53349','SM008','5','17');
INSERT INTO casedata VALUES('IC150','ER150','R','201115','222332','SO001','1','9');
INSERT INTO casedata VALUES('IC151','ER151','R','201115','65108','SD003','2','15');
INSERT INTO casedata VALUES('IC152','ER152','F','201115','162108','SD004','5','2');
INSERT INTO casedata VALUES('IC153','ER153','R','201115','175417','SM009','8','19');
INSERT INTO casedata VALUES('IC154','ER154','R','201115','185012','SM008','9','5');
INSERT INTO casedata VALUES('IC155','ER155','A','201115','4815','SD003','5','16');
INSERT INTO casedata VALUES('IC156','ER156','A','201115','211337','SM004','8','24');
INSERT INTO casedata VALUES('IC157','ER157','A','201115','153102','SD007','0','10');
INSERT INTO casedata VALUES('IC158','ER158','F','201115','13546','SM009','4','17');
INSERT INTO casedata VALUES('IC159','ER159','F','201116','35706','SM003','2','22');
INSERT INTO casedata VALUES('IC160','ER160','A','201116','182457','SD007','3','17');
INSERT INTO casedata VALUES('IC161','ER161','F','201116','92529','SM002','8','5');
INSERT INTO casedata VALUES('IC162','ER162','F','201116','145948','SD001','2','27');
INSERT INTO casedata VALUES('IC163','ER163','R','201116','23245','SM002','5','12');
INSERT INTO casedata VALUES('IC164','ER164','R','201116','181749','SM002','8','9');
INSERT INTO casedata VALUES('IC165','ER165','R','201116','215806','SM008','6','6');
INSERT INTO casedata VALUES('IC166','ER166','F','201116','15617','SM006','3','0');
INSERT INTO casedata VALUES('IC167','ER167','A','201116','11307','SO001','9','26');
INSERT INTO casedata VALUES('IC168','ER168','F','201116','182457','SM008','4','19');
INSERT INTO casedata VALUES('IC169','ER169','A','201116','115929','SM009','3','15');
INSERT INTO casedata VALUES('IC170','ER170','A','201117','171706','SO001','1','5');
INSERT INTO casedata VALUES('IC171','ER171','A','201117','30000','SM003','8','7');
INSERT INTO casedata VALUES('IC172','ER172','R','201117','132511','SM004','0','21');
INSERT INTO casedata VALUES('IC173','ER173','F','201117','213533','SM006','5','6');
INSERT INTO casedata VALUES('IC174','ER174','F','201117','71055','SM002','6','4');
INSERT INTO casedata VALUES('IC175','ER175','F','201117','63011','SM009','9','9');
INSERT INTO casedata VALUES('IC176','ER176','R','201117','92423','SM008','0','24');
INSERT INTO casedata VALUES('IC177','ER177','R','201117','85524','SM002','7','4');
INSERT INTO casedata VALUES('IC178','ER178','R','201117','61215','SM006','5','5');
INSERT INTO casedata VALUES('IC179','ER179','A','201117','4211','SO001','1','1');
INSERT INTO casedata VALUES('IC180','ER180','A','201117','81917','SM008','8','4');
INSERT INTO casedata VALUES('IC181','ER181','A','201117','21859','SM001','4','29');
INSERT INTO casedata VALUES('IC182','ER182','A','201117','121030','SO001','6','10');
INSERT INTO casedata VALUES('IC183','ER183','F','201117','123951','SD002','6','7');
INSERT INTO casedata VALUES('IC184','ER184','A','201117','213227','SM009','0','9');
INSERT INTO casedata VALUES('IC185','ER185','R','201118','105835','SM009','5','5');
INSERT INTO casedata VALUES('IC186','ER186','R','201118','13758','SM007','0','15');
INSERT INTO casedata VALUES('IC187','ER187','F','201118','22549','SM004','0','19');
INSERT INTO casedata VALUES('IC188','ER188','R','201118','115058','SM005','0','3');
INSERT INTO casedata VALUES('IC189','ER189','F','201118','111048','SD007','5','19');
INSERT INTO casedata VALUES('IC190','ER190','A','201118','20835','SM006','2','8');
INSERT INTO casedata VALUES('IC191','ER191','R','201119','180419','SO001','9','1');
INSERT INTO casedata VALUES('IC192','ER192','A','201119','143908','SO001','8','17');
INSERT INTO casedata VALUES('IC193','ER193','F','201119','41849','SM002','0','5');
INSERT INTO casedata VALUES('IC194','ER194','A','201119','164526','SD001','8','4');
INSERT INTO casedata VALUES('IC195','ER195','F','201119','75042','SD001','0','9');
INSERT INTO casedata VALUES('IC196','ER196','F','201119','115438','SM009','1','12');
INSERT INTO casedata VALUES('IC197','ER197','F','201119','220013','SM002','2','16');
INSERT INTO casedata VALUES('IC198','ER198','F','201119','150144','SM009','5','7');
INSERT INTO casedata VALUES('IC199','ER199','F','201119','93014','SD001','0','4');
INSERT INTO casedata VALUES('IC200','ER200','A','201119','103729','SO001','5','7');
INSERT INTO casedata VALUES('IC201','ER201','R','201119','121342','SD003','9','13');
INSERT INTO casedata VALUES('IC202','ER202','R','201119','212546','SD003','0','6');
INSERT INTO casedata VALUES('IC203','ER203','R','201119','60511','SD003','1','14');
INSERT INTO casedata VALUES('IC204','ER204','R','201120','213924','SD001','2','6');
INSERT INTO casedata VALUES('IC205','ER205','A','201120','73934','SM008','4','15');
INSERT INTO casedata VALUES('IC206','ER206','A','201120','103848','SD002','9','22');
INSERT INTO casedata VALUES('IC207','ER207','F','201120','105008','SM008','0','15');
INSERT INTO casedata VALUES('IC208','ER208','A','201120','31710','SM008','0','24');
INSERT INTO casedata VALUES('IC209','ER209','R','201120','32854','SM004','0','13');
INSERT INTO casedata VALUES('IC210','ER210','R','201120','95848','SO001','6','1');
INSERT INTO casedata VALUES('IC211','ER211','F','201120','190459','SD002','2','19');
INSERT INTO casedata VALUES('IC212','ER212','R','201120','72640','SM001','0','18');
INSERT INTO casedata VALUES('IC213','ER213','F','201120','185329','SM002','6','5');
INSERT INTO casedata VALUES('IC214','ER214','F','201121','91008','SM003','7','3');
INSERT INTO casedata VALUES('IC215','ER215','F','201121','41127','SM009','9','5');
INSERT INTO casedata VALUES('IC216','ER216','A','201121','104729','SM001','4','9');
INSERT INTO casedata VALUES('IC217','ER217','F','201121','164645','SM008','7','11');
INSERT INTO casedata VALUES('IC218','ER218','A','201121','63253','SM005','1','11');
INSERT INTO casedata VALUES('IC219','ER219','R','201121','22339','SD003','9','10');
INSERT INTO casedata VALUES('IC220','ER220','F','201121','173738','SM004','1','20');
INSERT INTO casedata VALUES('IC221','ER221','R','201121','164253','SM007','8','13');
INSERT INTO casedata VALUES('IC222','ER222','A','201121','174404','SM008','5','8');
INSERT INTO casedata VALUES('IC223','ER223','R','201121','220442','SD007','2','29');
INSERT INTO casedata VALUES('IC224','ER224','A','201121','11712','SM009','3','7');
INSERT INTO casedata VALUES('IC225','ER225','F','201121','100206','SM009','1','26');
INSERT INTO casedata VALUES('IC226','ER226','R','201121','45622','SM007','1','9');
INSERT INTO casedata VALUES('IC227','ER227','R','201121','65716','SD002','8','9');
INSERT INTO casedata VALUES('IC228','ER228','A','201121','20300','SO001','0','16');
INSERT INTO casedata VALUES('IC229','ER229','R','201121','84200','SO001','1','13');
INSERT INTO casedata VALUES('IC230','ER230','A','201121','203209','SM008','7','10');
INSERT INTO casedata VALUES('IC231','ER231','A','201121','233331','SM002','1','16');
INSERT INTO casedata VALUES('IC232','ER232','R','201122','101450','SD003','1','8');
INSERT INTO casedata VALUES('IC233','ER233','F','201122','15633','SM009','3','7');
INSERT INTO casedata VALUES('IC234','ER234','R','201122','55325','SM004','2','10');
INSERT INTO casedata VALUES('IC235','ER235','R','201122','140308','SD007','8','1');
INSERT INTO casedata VALUES('IC236','ER236','F','201122','221501','SM008','7','4');
INSERT INTO casedata VALUES('IC237','ER237','R','201122','72637','SO001','1','23');
INSERT INTO casedata VALUES('IC238','ER238','A','201122','173033','SM001','5','33');
INSERT INTO casedata VALUES('IC239','ER239','A','201122','32555','SM007','5','36');
INSERT INTO casedata VALUES('IC240','ER240','R','201122','130932','SD007','9','16');
INSERT INTO casedata VALUES('IC241','ER241','R','201123','203522','SM002','4','11');
INSERT INTO casedata VALUES('IC242','ER242','R','201123','25710','SO001','4','36');
INSERT INTO casedata VALUES('IC243','ER243','A','201123','172720','SM001','8','11');
INSERT INTO casedata VALUES('IC244','ER244','A','201123','110144','SD003','2','3');
INSERT INTO casedata VALUES('IC245','ER245','R','201123','44424','SM006','1','10');
INSERT INTO casedata VALUES('IC246','ER246','F','201123','82006','SM002','5','28');
INSERT INTO casedata VALUES('IC247','ER247','R','201123','140503','SM004','7','18');
INSERT INTO casedata VALUES('IC248','ER248','A','201123','12156','SM002','7','9');
INSERT INTO casedata VALUES('IC249','ER249','F','201124','135841','SD007','1','2');
INSERT INTO casedata VALUES('IC250','ER250','A','201124','145215','SM003','7','4');
INSERT INTO casedata VALUES('IC251','ER251','R','201124','95055','SM004','9','2');
INSERT INTO casedata VALUES('IC252','ER252','R','201124','33756','SO001','2','1');
INSERT INTO casedata VALUES('IC253','ER253','F','201124','165012','SM006','6','15');
INSERT INTO casedata VALUES('IC254','ER254','A','201124','122432','SM007','3','14');
INSERT INTO casedata VALUES('IC255','ER255','R','201124','23808','SM007','9','17');
INSERT INTO casedata VALUES('IC256','ER256','A','201124','62402','SD003','4','6');
INSERT INTO casedata VALUES('IC257','ER257','F','201124','173325','SO001','3','8');
INSERT INTO casedata VALUES('IC258','ER258','A','201124','64207','SM002','1','21');
INSERT INTO casedata VALUES('IC259','ER259','F','201124','132134','SM009','3','5');
INSERT INTO casedata VALUES('IC260','ER260','A','201124','145159','SM005','6','20');
INSERT INTO casedata VALUES('IC261','ER261','A','201125','180422','SM009','9','4');
INSERT INTO casedata VALUES('IC262','ER262','F','201125','153241','SO001','2','18');
INSERT INTO casedata VALUES('IC263','ER263','F','201125','83502','SM002','8','0');
INSERT INTO casedata VALUES('IC264','ER264','R','201125','71105','SM002','1','9');
INSERT INTO casedata VALUES('IC265','ER265','F','201125','92640','SO001','6','20');
INSERT INTO casedata VALUES('IC266','ER266','A','201125','151956','SM007','5','10');
INSERT INTO casedata VALUES('IC267','ER267','R','201125','230341','SD007','7','25');
INSERT INTO casedata VALUES('IC268','ER268','R','201125','211558','SM001','1','25');
INSERT INTO casedata VALUES('IC269','ER269','F','201125','22230','SD003','6','15');
INSERT INTO casedata VALUES('IC270','ER270','F','201125','20519','SM009','0','8');
INSERT INTO casedata VALUES('IC271','ER271','A','201126','114521','SM005','8','11');
INSERT INTO casedata VALUES('IC272','ER272','R','201126','60203','SM001','9','1');
INSERT INTO casedata VALUES('IC273','ER273','R','201126','162415','SM003','0','9');
INSERT INTO casedata VALUES('IC274','ER274','F','201126','85102','SM004','9','19');
INSERT INTO casedata VALUES('IC275','ER275','A','201127','214700','SM002','7','1');
INSERT INTO casedata VALUES('IC276','ER276','R','201127','62528','SO001','5','2');
INSERT INTO casedata VALUES('IC277','ER277','F','201127','111956','SM009','8','16');
INSERT INTO casedata VALUES('IC278','ER278','R','201127','15418','SM008','9','11');
INSERT INTO casedata VALUES('IC279','ER279','R','201127','84517','SM002','0','7');
INSERT INTO casedata VALUES('IC280','ER280','A','201127','182329','SO001','3','21');
INSERT INTO casedata VALUES('IC281','ER281','R','201127','100236','SM002','5','5');
INSERT INTO casedata VALUES('IC282','ER282','A','201128','143204','SM006','8','4');
INSERT INTO casedata VALUES('IC283','ER283','R','201128','202506','SD003','6','16');
INSERT INTO casedata VALUES('IC284','ER284','A','201128','142405','SM002','3','18');
INSERT INTO casedata VALUES('IC285','ER285','R','201128','171957','SO001','7','6');
INSERT INTO casedata VALUES('IC286','ER286','A','201128','43432','SM001','8','4');
INSERT INTO casedata VALUES('IC287','ER287','F','201128','83534','SM008','7','8');
INSERT INTO casedata VALUES('IC288','ER288','A','201128','121832','SD007','0','11');
INSERT INTO casedata VALUES('IC289','ER289','R','201128','90240','SM002','5','19');
INSERT INTO casedata VALUES('IC290','ER290','A','201128','203725','SM002','3','18');
INSERT INTO casedata VALUES('IC291','ER291','F','201129','74705','SO001','3','26');
INSERT INTO casedata VALUES('IC292','ER292','R','201129','45233','SM007','7','19');
INSERT INTO casedata VALUES('IC293','ER293','A','201129','31116','SM004','5','26');
INSERT INTO casedata VALUES('IC294','ER294','R','201129','100210','SM006','7','12');
INSERT INTO casedata VALUES('IC295','ER295','F','201129','213111','SM008','1','5');
INSERT INTO casedata VALUES('IC296','ER296','F','201129','211538','SM005','5','7');
INSERT INTO casedata VALUES('IC297','ER297','R','201129','61749','SM004','9','8');
INSERT INTO casedata VALUES('IC298','ER298','A','201130','212505','SM009','0','24');
INSERT INTO casedata VALUES('IC299','ER299','A','201130','42511','SD003','1','12');
INSERT INTO casedata VALUES('IC300','ER300','R','201130','613','SM008','8','5');
INSERT INTO emergency_case VALUES('IC001','90512','90949','etc');
INSERT INTO emergency_case VALUES('IC003','43927','44441','etc');
INSERT INTO emergency_case VALUES('IC006','123923','125353','etc');
INSERT INTO emergency_case VALUES('IC007','230951','232124','etc');
INSERT INTO emergency_case VALUES('IC008','80448','81949','car_accident');
INSERT INTO emergency_case VALUES('IC009','105630','110441','sickness');
INSERT INTO emergency_case VALUES('IC014','45157','50859','sickness');
INSERT INTO emergency_case VALUES('IC017','33241','33627','car_accident');
INSERT INTO emergency_case VALUES('IC020','153747','155703','car_accident');
INSERT INTO emergency_case VALUES('IC022','191907','193856','sickness');
INSERT INTO emergency_case VALUES('IC024','194458','200019','etc');
INSERT INTO emergency_case VALUES('IC025','64425','65458','etc');
INSERT INTO emergency_case VALUES('IC026','223008','224054','car_accident');
INSERT INTO emergency_case VALUES('IC030','95840','101243','injury');
INSERT INTO emergency_case VALUES('IC034','192300','193438','etc');
INSERT INTO emergency_case VALUES('IC035','200031','200918','sickness');
INSERT INTO emergency_case VALUES('IC038','192052','192410','injury');
INSERT INTO emergency_case VALUES('IC041','185420','190314','etc');
INSERT INTO emergency_case VALUES('IC043','195208','195516','car_accident');
INSERT INTO emergency_case VALUES('IC044','24537','25132','sickness');
INSERT INTO emergency_case VALUES('IC048','40709','41406','sickness');
INSERT INTO emergency_case VALUES('IC051','220257','220405','etc');
INSERT INTO emergency_case VALUES('IC052','91910','92309','injury');
INSERT INTO emergency_case VALUES('IC053','72217','73746','sickness');
INSERT INTO emergency_case VALUES('IC057','160019','161048','sickness');
INSERT INTO emergency_case VALUES('IC058','34308','35742','car_accident');
INSERT INTO emergency_case VALUES('IC060','34034','35824','etc');
INSERT INTO emergency_case VALUES('IC061','161133','161259','etc');
INSERT INTO emergency_case VALUES('IC062','41042','41958','car_accident');
INSERT INTO emergency_case VALUES('IC064','141115','141808','injury');
INSERT INTO emergency_case VALUES('IC069','133804','134440','etc');
INSERT INTO emergency_case VALUES('IC070','84637','85108','sickness');
INSERT INTO emergency_case VALUES('IC076','94800','95927','sickness');
INSERT INTO emergency_case VALUES('IC080','25019','30704','car_accident');
INSERT INTO emergency_case VALUES('IC083','152126','154007','etc');
INSERT INTO emergency_case VALUES('IC085','5450','10031','injury');
INSERT INTO emergency_case VALUES('IC086','5406','5758','injury');
INSERT INTO emergency_case VALUES('IC090','154634','154806','injury');
INSERT INTO emergency_case VALUES('IC091','141322','142002','etc');
INSERT INTO emergency_case VALUES('IC092','1925','3023','sickness');
INSERT INTO emergency_case VALUES('IC093','124349','130152','etc');
INSERT INTO emergency_case VALUES('IC098','55245','60851','sickness');
INSERT INTO emergency_case VALUES('IC107','163203','164356','etc');
INSERT INTO emergency_case VALUES('IC108','163323','163543','sickness');
INSERT INTO emergency_case VALUES('IC109','230205','231622','etc');
INSERT INTO emergency_case VALUES('IC111','33008','33013','injury');
INSERT INTO emergency_case VALUES('IC112','171130','171438','injury');
INSERT INTO emergency_case VALUES('IC113','215450','220003','sickness');
INSERT INTO emergency_case VALUES('IC115','55755','61743','injury');
INSERT INTO emergency_case VALUES('IC119','35221','35640','etc');
INSERT INTO emergency_case VALUES('IC124','83312','83732','etc');
INSERT INTO emergency_case VALUES('IC126','94723','94725','sickness');
INSERT INTO emergency_case VALUES('IC130','160511','161951','sickness');
INSERT INTO emergency_case VALUES('IC131','54113','54137','etc');
INSERT INTO emergency_case VALUES('IC134','163021','163117','etc');
INSERT INTO emergency_case VALUES('IC135','13955','14724','injury');
INSERT INTO emergency_case VALUES('IC138','35927','40018','etc');
INSERT INTO emergency_case VALUES('IC146','93044','93603','sickness');
INSERT INTO emergency_case VALUES('IC147','151006','151229','sickness');
INSERT INTO emergency_case VALUES('IC150','15954','20811','sickness');
INSERT INTO emergency_case VALUES('IC151','183614','184727','car_accident');
INSERT INTO emergency_case VALUES('IC153','213855','215118','injury');
INSERT INTO emergency_case VALUES('IC154','71106','72116','etc');
INSERT INTO emergency_case VALUES('IC163','63447','65144','injury');
INSERT INTO emergency_case VALUES('IC164','124332','125323','injury');
INSERT INTO emergency_case VALUES('IC165','23740','23825','sickness');
INSERT INTO emergency_case VALUES('IC172','111702','112853','sickness');
INSERT INTO emergency_case VALUES('IC176','43114','43312','etc');
INSERT INTO emergency_case VALUES('IC177','80550','82549','car_accident');
INSERT INTO emergency_case VALUES('IC178','121017','121357','etc');
INSERT INTO emergency_case VALUES('IC185','220803','220831','car_accident');
INSERT INTO emergency_case VALUES('IC186','152021','153510','sickness');
INSERT INTO emergency_case VALUES('IC188','94137','95754','car_accident');
INSERT INTO emergency_case VALUES('IC191','110912','112911','car_accident');
INSERT INTO emergency_case VALUES('IC201','190844','191731','etc');
INSERT INTO emergency_case VALUES('IC202','185423','190213','car_accident');
INSERT INTO emergency_case VALUES('IC203','91711','92916','injury');
INSERT INTO emergency_case VALUES('IC204','41629','43155','car_accident');
INSERT INTO emergency_case VALUES('IC209','165434','170412','etc');
INSERT INTO emergency_case VALUES('IC210','174947','180507','etc');
INSERT INTO emergency_case VALUES('IC212','101333','102140','injury');
INSERT INTO emergency_case VALUES('IC219','20219','21624','etc');
INSERT INTO emergency_case VALUES('IC221','223243','224006','injury');
INSERT INTO emergency_case VALUES('IC223','82451','83716','etc');
INSERT INTO emergency_case VALUES('IC226','140105','141339','car_accident');
INSERT INTO emergency_case VALUES('IC227','165056','165337','injury');
INSERT INTO emergency_case VALUES('IC229','174157','174716','sickness');
INSERT INTO emergency_case VALUES('IC232','134130','140052','etc');
INSERT INTO emergency_case VALUES('IC234','155208','160014','injury');
INSERT INTO emergency_case VALUES('IC235','84124','90057','car_accident');
INSERT INTO emergency_case VALUES('IC237','92954','93828','etc');
INSERT INTO emergency_case VALUES('IC240','22808','24232','injury');
INSERT INTO emergency_case VALUES('IC241','20838','22618','sickness');
INSERT INTO emergency_case VALUES('IC242','85153','85325','car_accident');
INSERT INTO emergency_case VALUES('IC245','113403','113710','sickness');
INSERT INTO emergency_case VALUES('IC247','83941','84339','etc');
INSERT INTO emergency_case VALUES('IC251','75753','80443','sickness');
INSERT INTO emergency_case VALUES('IC252','214822','220150','sickness');
INSERT INTO emergency_case VALUES('IC255','212814','213453','etc');
INSERT INTO fire_case VALUES('IC002','84','361','arson');
INSERT INTO fire_case VALUES('IC004','133','251','disaster');
INSERT INTO fire_case VALUES('IC005','101','378','car');
INSERT INTO fire_case VALUES('IC010','190','344','cook');
INSERT INTO fire_case VALUES('IC012','182','128','arson');
INSERT INTO fire_case VALUES('IC013','156','132','gas');
INSERT INTO fire_case VALUES('IC015','97','296','mach');
INSERT INTO fire_case VALUES('IC016','54','168','gas');
INSERT INTO fire_case VALUES('IC018','51','252','gas');
INSERT INTO fire_case VALUES('IC019','186','368','disaster');
INSERT INTO fire_case VALUES('IC021','166','372','elect');
INSERT INTO fire_case VALUES('IC023','106','207','arson');
INSERT INTO fire_case VALUES('IC028','165','346','disaster');
INSERT INTO fire_case VALUES('IC029','93','136','incin');
INSERT INTO fire_case VALUES('IC031','117','260','car');
INSERT INTO fire_case VALUES('IC032','52','274','disaster');
INSERT INTO fire_case VALUES('IC033','149','294','car');
INSERT INTO fire_case VALUES('IC036','43','222','disaster');
INSERT INTO fire_case VALUES('IC040','48','218','car');
INSERT INTO fire_case VALUES('IC042','189','155','arson');
INSERT INTO fire_case VALUES('IC045','87','311','incin');
INSERT INTO fire_case VALUES('IC046','68','320','etc');
INSERT INTO fire_case VALUES('IC055','98','308','elect');
INSERT INTO fire_case VALUES('IC063','111','170','cook');
INSERT INTO fire_case VALUES('IC065','103','316','elect');
INSERT INTO fire_case VALUES('IC067','141','311','cook');
INSERT INTO fire_case VALUES('IC068','109','158','etc');
INSERT INTO fire_case VALUES('IC071','90','133','cook');
INSERT INTO fire_case VALUES('IC073','173','138','arson');
INSERT INTO fire_case VALUES('IC079','119','312','incin');
INSERT INTO fire_case VALUES('IC081','152','100','arson');
INSERT INTO fire_case VALUES('IC082','104','270','arson');
INSERT INTO fire_case VALUES('IC087','194','326','cook');
INSERT INTO fire_case VALUES('IC088','104','329','arson');
INSERT INTO fire_case VALUES('IC089','57','184','car');
INSERT INTO fire_case VALUES('IC094','138','223','disaster');
INSERT INTO fire_case VALUES('IC101','72','273','arson');
INSERT INTO fire_case VALUES('IC102','134','213','incin');
INSERT INTO fire_case VALUES('IC103','188','318','disaster');
INSERT INTO fire_case VALUES('IC104','168','216','elect');
INSERT INTO fire_case VALUES('IC105','93','198','gas');
INSERT INTO fire_case VALUES('IC106','41','146','incin');
INSERT INTO fire_case VALUES('IC110','133','315','car');
INSERT INTO fire_case VALUES('IC120','41','228','arson');
INSERT INTO fire_case VALUES('IC122','149','128','incin');
INSERT INTO fire_case VALUES('IC127','168','115','disaster');
INSERT INTO fire_case VALUES('IC128','63','163','car');
INSERT INTO fire_case VALUES('IC129','149','253','car');
INSERT INTO fire_case VALUES('IC132','194','303','gas');
INSERT INTO fire_case VALUES('IC133','115','175','etc');
INSERT INTO fire_case VALUES('IC137','96','398','gas');
INSERT INTO fire_case VALUES('IC140','55','135','incin');
INSERT INTO fire_case VALUES('IC141','48','131','arson');
INSERT INTO fire_case VALUES('IC149','46','208','disaster');
INSERT INTO fire_case VALUES('IC152','184','326','mach');
INSERT INTO fire_case VALUES('IC158','72','175','mach');
INSERT INTO fire_case VALUES('IC159','70','243','mach');
INSERT INTO fire_case VALUES('IC161','47','166','cook');
INSERT INTO fire_case VALUES('IC162','136','249','incin');
INSERT INTO fire_case VALUES('IC166','171','195','etc');
INSERT INTO fire_case VALUES('IC168','57','195','incin');
INSERT INTO fire_case VALUES('IC173','141','349','car');
INSERT INTO fire_case VALUES('IC174','85','303','incin');
INSERT INTO fire_case VALUES('IC175','77','397','incin');
INSERT INTO fire_case VALUES('IC183','44','344','gas');
INSERT INTO fire_case VALUES('IC187','140','179','mach');
INSERT INTO fire_case VALUES('IC189','64','125','arson');
INSERT INTO fire_case VALUES('IC193','80','126','car');
INSERT INTO fire_case VALUES('IC195','61','290','mach');
INSERT INTO fire_case VALUES('IC196','98','338','incin');
INSERT INTO fire_case VALUES('IC197','159','120','disaster');
INSERT INTO fire_case VALUES('IC198','161','229','disaster');
INSERT INTO fire_case VALUES('IC199','123','232','gas');
INSERT INTO fire_case VALUES('IC207','188','276','elect');
INSERT INTO fire_case VALUES('IC211','167','143','incin');
INSERT INTO fire_case VALUES('IC213','162','210','mach');
INSERT INTO fire_case VALUES('IC214','81','128','disaster');
INSERT INTO fire_case VALUES('IC215','152','120','gas');
INSERT INTO fire_case VALUES('IC217','161','383','mach');
INSERT INTO fire_case VALUES('IC220','121','230','etc');
INSERT INTO fire_case VALUES('IC225','124','332','mach');
INSERT INTO fire_case VALUES('IC233','116','107','gas');
INSERT INTO fire_case VALUES('IC236','76','225','cook');
INSERT INTO fire_case VALUES('IC246','161','102','gas');
INSERT INTO fire_case VALUES('IC249','49','103','mach');
INSERT INTO fire_case VALUES('IC253','157','211','gas');
INSERT INTO fire_case VALUES('IC257','67','126','cook');
INSERT INTO fire_case VALUES('IC259','162','225','elect');
INSERT INTO fire_case VALUES('IC262','176','395','car');
INSERT INTO fire_case VALUES('IC263','163','178','arson');
INSERT INTO fire_case VALUES('IC265','112','225','incin');
INSERT INTO fire_case VALUES('IC269','154','198','gas');
INSERT INTO fire_case VALUES('IC270','145','155','car');
INSERT INTO fire_case VALUES('IC274','85','314','cook');
INSERT INTO fire_case VALUES('IC277','143','325','mach');
INSERT INTO fire_case VALUES('IC287','182','129','car');
INSERT INTO fire_case VALUES('IC291','175','130','elect');
INSERT INTO fire_case VALUES('IC295','97','235','disaster');
INSERT INTO fire_case VALUES('IC296','98','266','arson');
INSERT INTO jurisdiction VALUES('JCO-A','SO001');
INSERT INTO jurisdiction VALUES('JCO-A','SM007');
INSERT INTO jurisdiction VALUES('JCO-A','SM009');
INSERT INTO jurisdiction VALUES('JCO-A','SM003');
INSERT INTO jurisdiction VALUES('JCO-A','SM002');
INSERT INTO jurisdiction VALUES('JCO-A','SM006');
INSERT INTO jurisdiction VALUES('JCO-A','SM008');
INSERT INTO jurisdiction VALUES('SJ-A','SD003');
INSERT INTO jurisdiction VALUES('SJ-A','SD006');
INSERT INTO jurisdiction VALUES('SJ-A','SD004');
INSERT INTO jurisdiction VALUES('SJ-A','SD005');
INSERT INTO jurisdiction VALUES('SJ-A','SM001');
INSERT INTO jurisdiction VALUES('SJ-A','SD001');
INSERT INTO jurisdiction VALUES('SJ-A','SD002');
INSERT INTO jurisdiction VALUES('SJ-A','SD007');
INSERT INTO jurisdiction VALUES('SJ-A','SM004');
INSERT INTO jurisdiction VALUES('SJ-A','SM005');
INSERT INTO jurisdiction VALUES('JCO-B','SO001');
INSERT INTO jurisdiction VALUES('OL-C','SO001');
INSERT INTO jurisdiction VALUES('JO-B','SM007');
INSERT INTO jurisdiction VALUES('JO-B','SM009');
INSERT INTO jurisdiction VALUES('SJM-C','SM009');
INSERT INTO jurisdiction VALUES('BG-B','SM003');
INSERT INTO jurisdiction VALUES('BG-B','SM002');
INSERT INTO jurisdiction VALUES('ODM-C ','SM002');
INSERT INTO jurisdiction VALUES('OS-B','SM006');
INSERT INTO jurisdiction VALUES('OS-B','SM008');
INSERT INTO jurisdiction VALUES('JDM-C','SM008');
INSERT INTO jurisdiction VALUES('OJ-B','SD003');
INSERT INTO jurisdiction VALUES('OL-B','SD006');
INSERT INTO jurisdiction VALUES('OL-B','SD004');
INSERT INTO jurisdiction VALUES('OL-B','SD005');
INSERT INTO jurisdiction VALUES('OL-B','SM001');
INSERT INTO jurisdiction VALUES('OGM-C','SM001');
INSERT INTO jurisdiction VALUES('HS-B','SD001');
INSERT INTO jurisdiction VALUES('HS-B','SD002');
INSERT INTO jurisdiction VALUES('BL-B','SD007');
INSERT INTO jurisdiction VALUES('BL-B','SM004');
INSERT INTO jurisdiction VALUES('GNM-C','SM004');
INSERT INTO jurisdiction VALUES('JG-B','SM005');
INSERT INTO population_data_sejong VALUES('SO001','조치원읍','19472','22335','20931','834','721');
INSERT INTO population_data_sejong VALUES('SM001','연기면','1445','1436','1141','79','41');
INSERT INTO population_data_sejong VALUES('SM002','연동면','1680','1628','1559','428','24');
INSERT INTO population_data_sejong VALUES('SM003','부강면','3249','3455','2853','215','59');
INSERT INTO population_data_sejong VALUES('SM004','금남면','4509','4618','4143','295','125');
INSERT INTO population_data_sejong VALUES('SM005','장군면','3453','3499','2739','460','190');
INSERT INTO population_data_sejong VALUES('SM006','연서면','3834','4037','3481','167','68');
INSERT INTO population_data_sejong VALUES('SM007','전의면','3045','3082','2781','316','94');
INSERT INTO population_data_sejong VALUES('SM008','전동면','2130','2047','1711','134','47');
INSERT INTO population_data_sejong VALUES('SM009','소정면','1231','1337','1208','163','30');
INSERT INTO population_data_sejong VALUES('SD001','한솔동','6333','9501','9786','36','38');
INSERT INTO population_data_sejong VALUES('SD002','새롬동','20495','25949','27533','128','162');
INSERT INTO population_data_sejong VALUES('SD003','도담동','13136','15447','16472','84','121');
INSERT INTO population_data_sejong VALUES('SD004','아름동','7560','11634','11955','30','60');
INSERT INTO population_data_sejong VALUES('SD005','종촌동','10691','14445','15333','40','93');
INSERT INTO population_data_sejong VALUES('SD006','고운동','11436','16253','17118','25','56');
INSERT INTO population_data_sejong VALUES('SD007','보람동','6810','9371','9684','25','39');
INSERT INTO reportData VALUES('ER001','JCO-A','191732','1');
INSERT INTO reportData VALUES('ER002','JDM-C','84145','1');
INSERT INTO reportData VALUES('ER003','JDM-C','215722','1');
INSERT INTO reportData VALUES('ER004','BG-B','43410','3');
INSERT INTO reportData VALUES('ER005','JCO-B','121338','1');
INSERT INTO reportData VALUES('ER006','JO-B','45656','2');
INSERT INTO reportData VALUES('ER007','SJM-C','113411','1');
INSERT INTO reportData VALUES('ER008','OL-C','162827','1');
INSERT INTO reportData VALUES('ER009','SJM-C','85328','1');
INSERT INTO reportData VALUES('ER010','OL-B','224522','2');
INSERT INTO reportData VALUES('ER011','OGM-C','90428','1');
INSERT INTO reportData VALUES('ER012','BL-B','75605','3');
INSERT INTO reportData VALUES('ER013','GNM-C','103727','1');
INSERT INTO reportData VALUES('ER014','BG-B','190941','1');
INSERT INTO reportData VALUES('ER015','OJ-B','41652','3');
INSERT INTO reportData VALUES('ER016','JG-B','30611','2');
INSERT INTO reportData VALUES('ER017','GNM-C','231621','1');
INSERT INTO reportData VALUES('ER018','SJM-C','152037','1');
INSERT INTO reportData VALUES('ER019','BG-B','185410','1');
INSERT INTO reportData VALUES('ER020','JCO-A','232504','4');
INSERT INTO reportData VALUES('ER021','JDM-C','192456','1');
INSERT INTO reportData VALUES('ER022','OL-C','152130','1');
INSERT INTO reportData VALUES('ER023','JCO-A','62858','3');
INSERT INTO reportData VALUES('ER024','OL-C','173333','1');
INSERT INTO reportData VALUES('ER025','JCO-B','222548','1');
INSERT INTO reportData VALUES('ER026','OL-B','124102','2');
INSERT INTO reportData VALUES('ER027','SJM-C','135122','1');
INSERT INTO reportData VALUES('ER028','HS-B','221327','1');
INSERT INTO reportData VALUES('ER029','JCO-B','92600','3');
INSERT INTO reportData VALUES('ER030','JDM-C','210124','1');
INSERT INTO reportData VALUES('ER031','BL-B','185614','2');
INSERT INTO reportData VALUES('ER032','SJ-A','194057','3');
INSERT INTO reportData VALUES('ER033','OJ-B','190438','2');
INSERT INTO reportData VALUES('ER034','ODM-C','222032','1');
INSERT INTO reportData VALUES('ER035','JO-B','195844','1');
INSERT INTO reportData VALUES('ER036','BG-B','182552','3');
INSERT INTO reportData VALUES('ER037','OS-B','142331','2');
INSERT INTO reportData VALUES('ER038','GNM-C','112945','1');
INSERT INTO reportData VALUES('ER039','JCO-B','115134','1');
INSERT INTO reportData VALUES('ER040','OL-B','192206','1');
INSERT INTO reportData VALUES('ER041','JG-B','191521','2');
INSERT INTO reportData VALUES('ER042','GNM-C','21306','1');
INSERT INTO reportData VALUES('ER043','JCO-B','104433','1');
INSERT INTO reportData VALUES('ER044','JO-B','61708','1');
INSERT INTO reportData VALUES('ER045','JDM-C','33410','1');
INSERT INTO reportData VALUES('ER046','OJ-B','213721','3');
INSERT INTO reportData VALUES('ER047','JDM-C','190856','1');
INSERT INTO reportData VALUES('ER048','OGM-C','740','1');
INSERT INTO reportData VALUES('ER049','OL-B','165133','3');
INSERT INTO reportData VALUES('ER050','JCO-A','124320','4');
INSERT INTO reportData VALUES('ER051','GNM-C','43003','1');
INSERT INTO reportData VALUES('ER052','JCO-A','42417','5');
INSERT INTO reportData VALUES('ER053','JG-B','61236','3');
INSERT INTO reportData VALUES('ER054','OJ-B','73325','3');
INSERT INTO reportData VALUES('ER055','JO-B','85236','3');
INSERT INTO reportData VALUES('ER056','OL-C','91257','1');
INSERT INTO reportData VALUES('ER057','BG-B','95149','1');
INSERT INTO reportData VALUES('ER058','HS-B','25109','1');
INSERT INTO reportData VALUES('ER059','JG-B','23051','1');
INSERT INTO reportData VALUES('ER060','BL-B','3326','1');
INSERT INTO reportData VALUES('ER061','BG-B','20041','3');
INSERT INTO reportData VALUES('ER062','JDM-C','133518','1');
INSERT INTO reportData VALUES('ER063','JCO-B','65712','3');
INSERT INTO reportData VALUES('ER064','JDM-C','83000','1');
INSERT INTO reportData VALUES('ER065','JCO-B','153224','2');
INSERT INTO reportData VALUES('ER066','SJ-A','162023','2');
INSERT INTO reportData VALUES('ER067','OS-B','31936','2');
INSERT INTO reportData VALUES('ER068','JDM-C','33135','1');
INSERT INTO reportData VALUES('ER069','HS-B','140507','1');
INSERT INTO reportData VALUES('ER070','BG-B','93627','1');
INSERT INTO reportData VALUES('ER071','HS-B','155758','2');
INSERT INTO reportData VALUES('ER072','OGM-C','223919','1');
INSERT INTO reportData VALUES('ER073','SJM-C','34748','1');
INSERT INTO reportData VALUES('ER074','HS-B','144804','1');
INSERT INTO reportData VALUES('ER075','HS-B','70123','2');
INSERT INTO reportData VALUES('ER076','OJ-B','123142','2');
INSERT INTO reportData VALUES('ER077','GNM-C','171753','1');
INSERT INTO reportData VALUES('ER078','JCO-A','3841','1');
INSERT INTO reportData VALUES('ER079','JCO-A','135205','3');
INSERT INTO reportData VALUES('ER080','GNM-C','171029','1');
INSERT INTO reportData VALUES('ER081','OL-B','132219','1');
INSERT INTO reportData VALUES('ER082','OL-C','81241','1');
INSERT INTO reportData VALUES('ER083','HS-B','90932','2');
INSERT INTO reportData VALUES('ER084','HS-B','184539','2');
INSERT INTO reportData VALUES('ER085','OGM-C','74505','1');
INSERT INTO reportData VALUES('ER086','OS-B','5518','3');
INSERT INTO reportData VALUES('ER087','JO-B','93757','3');
INSERT INTO reportData VALUES('ER088','OGM-C','22649','1');
INSERT INTO reportData VALUES('ER089','SJM-C','145258','1');
INSERT INTO reportData VALUES('ER090','GNM-C','181852','1');
INSERT INTO reportData VALUES('ER091','SJM-C','34436','1');
INSERT INTO reportData VALUES('ER092','HS-B','194032','1');
INSERT INTO reportData VALUES('ER093','OL-B','103541','2');
INSERT INTO reportData VALUES('ER094','JO-B','5400','3');
INSERT INTO reportData VALUES('ER095','OL-B','135544','1');
INSERT INTO reportData VALUES('ER096','JCO-B','123303','2');
INSERT INTO reportData VALUES('ER097','OS-B','142224','1');
INSERT INTO reportData VALUES('ER098','JDM-C','232531','1');
INSERT INTO reportData VALUES('ER099','HS-B','33323','2');
INSERT INTO reportData VALUES('ER100','JDM-C','54732','1');
INSERT INTO reportData VALUES('ER101','OL-B','2116','2');
INSERT INTO reportData VALUES('ER102','OL-B','154116','1');
INSERT INTO reportData VALUES('ER103','GNM-C','134844','1');
INSERT INTO reportData VALUES('ER104','SJM-C','706','1');
INSERT INTO reportData VALUES('ER105','OJ-B','121040','2');
INSERT INTO reportData VALUES('ER106','JG-B','53407','3');
INSERT INTO reportData VALUES('ER107','ODM-C','52248','1');
INSERT INTO reportData VALUES('ER108','JO-B','190715','3');
INSERT INTO reportData VALUES('ER109','GNM-C','194809','1');
INSERT INTO reportData VALUES('ER110','GNM-C','155543','1');
INSERT INTO reportData VALUES('ER111','SJM-C','122221','1');
INSERT INTO reportData VALUES('ER112','OL-C','180739','1');
INSERT INTO reportData VALUES('ER113','OS-B','1218','1');
INSERT INTO reportData VALUES('ER114','BG-B','5145','2');
INSERT INTO reportData VALUES('ER115','JG-B','30438','1');
INSERT INTO reportData VALUES('ER116','OL-C','181721','1');
INSERT INTO reportData VALUES('ER117','OL-B','134938','1');
INSERT INTO reportData VALUES('ER118','GNM-C','122639','1');
INSERT INTO reportData VALUES('ER119','OL-C','65351','1');
INSERT INTO reportData VALUES('ER120','OL-B','160731','3');
INSERT INTO reportData VALUES('ER121','JCO-A','85140','2');
INSERT INTO reportData VALUES('ER122','OGM-C','222738','1');
INSERT INTO reportData VALUES('ER123','SJM-C','144735','1');
INSERT INTO reportData VALUES('ER124','OJ-B','195104','3');
INSERT INTO reportData VALUES('ER125','JDM-C','60353','1');
INSERT INTO reportData VALUES('ER126','GNM-C','135412','1');
INSERT INTO reportData VALUES('ER127','SJ-A','25905','5');
INSERT INTO reportData VALUES('ER128','OS-B','163853','3');
INSERT INTO reportData VALUES('ER129','JDM-C','213237','1');
INSERT INTO reportData VALUES('ER130','BG-B','194459','3');
INSERT INTO reportData VALUES('ER131','OS-B','102219','1');
INSERT INTO reportData VALUES('ER132','BL-B','54132','2');
INSERT INTO reportData VALUES('ER133','BL-B','33212','2');
INSERT INTO reportData VALUES('ER134','OS-B','74905','3');
INSERT INTO reportData VALUES('ER135','BG-B','64242','3');
INSERT INTO reportData VALUES('ER136','GNM-C','112036','1');
INSERT INTO reportData VALUES('ER137','ODM-C','81246','1');
INSERT INTO reportData VALUES('ER138','SJ-A','131532','3');
INSERT INTO reportData VALUES('ER139','ODM-C','232457','1');
INSERT INTO reportData VALUES('ER140','OL-C','92700','1');
INSERT INTO reportData VALUES('ER141','HS-B','154554','3');
INSERT INTO reportData VALUES('ER142','OS-B','174016','1');
INSERT INTO reportData VALUES('ER143','SJM-C','10551','1');
INSERT INTO reportData VALUES('ER144','OL-B','105349','3');
INSERT INTO reportData VALUES('ER145','OS-B','35820','2');
INSERT INTO reportData VALUES('ER146','SJ-A','153145','5');
INSERT INTO reportData VALUES('ER147','OS-B','5302','2');
INSERT INTO reportData VALUES('ER148','OJ-B','54554','3');
INSERT INTO reportData VALUES('ER149','JDM-C','51633','1');
INSERT INTO reportData VALUES('ER150','JCO-B','222147','3');
INSERT INTO reportData VALUES('ER151','SJ-A','65032','1');
INSERT INTO reportData VALUES('ER152','OL-B','160608','1');
INSERT INTO reportData VALUES('ER153','JO-B','175200','2');
INSERT INTO reportData VALUES('ER154','JCO-A','184832','1');
INSERT INTO reportData VALUES('ER155','OJ-B','4200','2');
INSERT INTO reportData VALUES('ER156','SJ-A','205927','4');
INSERT INTO reportData VALUES('ER157','BL-B','151727','1');
INSERT INTO reportData VALUES('ER158','SJM-C','12545','1');
INSERT INTO reportData VALUES('ER159','BG-B','35337','1');
INSERT INTO reportData VALUES('ER160','BL-B','181410','2');
INSERT INTO reportData VALUES('ER161','JCO-A','92334','3');
INSERT INTO reportData VALUES('ER162','HS-B','145021','2');
INSERT INTO reportData VALUES('ER163','ODM-C','22857','1');
INSERT INTO reportData VALUES('ER164','ODM-C','180556','1');
INSERT INTO reportData VALUES('ER165','OS-B','214042','3');
INSERT INTO reportData VALUES('ER166','OS-B','14542','2');
INSERT INTO reportData VALUES('ER167','OL-C','5750','1');
INSERT INTO reportData VALUES('ER168','JDM-C','181426','1');
INSERT INTO reportData VALUES('ER169','SJM-C','114006','1');
INSERT INTO reportData VALUES('ER170','JCO-B','165924','3');
INSERT INTO reportData VALUES('ER171','BG-B','24736','3');
INSERT INTO reportData VALUES('ER172','GNM-C','131902','1');
INSERT INTO reportData VALUES('ER173','OS-B','212550','3');
INSERT INTO reportData VALUES('ER174','BG-B','71019','3');
INSERT INTO reportData VALUES('ER175','JO-B','61142','3');
INSERT INTO reportData VALUES('ER176','JDM-C','91957','1');
INSERT INTO reportData VALUES('ER177','ODM-C','83721','1');
INSERT INTO reportData VALUES('ER178','OS-B','55251','3');
INSERT INTO reportData VALUES('ER179','OL-C','2254','1');
INSERT INTO reportData VALUES('ER180','OS-B','80800','3');
INSERT INTO reportData VALUES('ER181','OGM-C','21533','1');
INSERT INTO reportData VALUES('ER182','JCO-B','120814','1');
INSERT INTO reportData VALUES('ER183','HS-B','123743','2');
INSERT INTO reportData VALUES('ER184','JO-B','211349','1');
INSERT INTO reportData VALUES('ER185','SJM-C','105348','1');
INSERT INTO reportData VALUES('ER186','JO-B','12032','3');
INSERT INTO reportData VALUES('ER187','GNM-C','20655','1');
INSERT INTO reportData VALUES('ER188','JG-B','113107','2');
INSERT INTO reportData VALUES('ER189','BL-B','110904','1');
INSERT INTO reportData VALUES('ER190','OS-B','15019','3');
INSERT INTO reportData VALUES('ER191','JCO-B','175330','2');
INSERT INTO reportData VALUES('ER192','JCO-B','142414','2');
INSERT INTO reportData VALUES('ER193','ODM-C','40226','1');
INSERT INTO reportData VALUES('ER194','HS-B','163024','3');
INSERT INTO reportData VALUES('ER195','HS-B','75019','1');
INSERT INTO reportData VALUES('ER196','JO-B','114720','3');
INSERT INTO reportData VALUES('ER197','JCO-A','214058','5');
INSERT INTO reportData VALUES('ER198','SJM-C','144906','1');
INSERT INTO reportData VALUES('ER199','HS-B','92334','1');
INSERT INTO reportData VALUES('ER200','OL-C','102011','1');
INSERT INTO reportData VALUES('ER201','OJ-B','120010','1');
INSERT INTO reportData VALUES('ER202','OJ-B','211626','2');
INSERT INTO reportData VALUES('ER203','OJ-B','60502','3');
INSERT INTO reportData VALUES('ER204','SJ-A','213316','4');
INSERT INTO reportData VALUES('ER205','JDM-C','73329','1');
INSERT INTO reportData VALUES('ER206','HS-B','103240','3');
INSERT INTO reportData VALUES('ER207','JDM-C','103249','1');
INSERT INTO reportData VALUES('ER208','JDM-C','31400','1');
INSERT INTO reportData VALUES('ER209','GNM-C','32049','1');
INSERT INTO reportData VALUES('ER210','OL-C','94402','1');
INSERT INTO reportData VALUES('ER211','SJ-A','185549','3');
INSERT INTO reportData VALUES('ER212','OGM-C','71311','1');
INSERT INTO reportData VALUES('ER213','ODM-C','183911','1');
INSERT INTO reportData VALUES('ER214','JCO-A','90031','3');
INSERT INTO reportData VALUES('ER215','JO-B','35311','2');
INSERT INTO reportData VALUES('ER216','OGM-C','102813','1');
INSERT INTO reportData VALUES('ER217','JDM-C','163318','1');
INSERT INTO reportData VALUES('ER218','JG-B','62512','3');
INSERT INTO reportData VALUES('ER219','SJ-A','22258','2');
INSERT INTO reportData VALUES('ER220','SJ-A','172131','5');
INSERT INTO reportData VALUES('ER221','JO-B','162403','2');
INSERT INTO reportData VALUES('ER222','OS-B','172639','1');
INSERT INTO reportData VALUES('ER223','BL-B','214652','1');
INSERT INTO reportData VALUES('ER224','SJM-C','10332','1');
INSERT INTO reportData VALUES('ER225','JO-B','94514','1');
INSERT INTO reportData VALUES('ER226','JO-B','44205','2');
INSERT INTO reportData VALUES('ER227','HS-B','65101','1');
INSERT INTO reportData VALUES('ER228','JCO-B','14937','1');
INSERT INTO reportData VALUES('ER229','OL-C','84158','1');
INSERT INTO reportData VALUES('ER230','JDM-C','203125','1');
INSERT INTO reportData VALUES('ER231','ODM-C','232528','1');
INSERT INTO reportData VALUES('ER232','OJ-B','100634','3');
INSERT INTO reportData VALUES('ER233','SJM-C','15216','1');
INSERT INTO reportData VALUES('ER234','GNM-C','53700','1');
INSERT INTO reportData VALUES('ER235','BL-B','135322','2');
INSERT INTO reportData VALUES('ER236','JDM-C','215514','1');
INSERT INTO reportData VALUES('ER237','JCO-B','71956','2');
INSERT INTO reportData VALUES('ER238','SJ-A','172055','2');
INSERT INTO reportData VALUES('ER239','JO-B','32534','2');
INSERT INTO reportData VALUES('ER240','BL-B','130913','2');
INSERT INTO reportData VALUES('ER241','JCO-A','201648','3');
INSERT INTO reportData VALUES('ER242','JCO-B','24511','3');
INSERT INTO reportData VALUES('ER243','OGM-C','171700','1');
INSERT INTO reportData VALUES('ER244','OJ-B','105111','2');
INSERT INTO reportData VALUES('ER245','JCO-A','43445','4');
INSERT INTO reportData VALUES('ER246','ODM-C','80707','1');
INSERT INTO reportData VALUES('ER247','BL-B','134522','1');
INSERT INTO reportData VALUES('ER248','ODM-C','12058','1');
INSERT INTO reportData VALUES('ER249','BL-B','135602','1');
INSERT INTO reportData VALUES('ER250','BG-B','143727','3');
INSERT INTO reportData VALUES('ER251','GNM-C','93702','1');
INSERT INTO reportData VALUES('ER252','JCO-B','33354','1');
INSERT INTO reportData VALUES('ER253','JCO-A','163311','4');
INSERT INTO reportData VALUES('ER254','JO-B','121158','3');
INSERT INTO reportData VALUES('ER255','JO-B','23625','1');
INSERT INTO reportData VALUES('ER256','SJ-A','60839','1');
INSERT INTO reportData VALUES('ER257','JCO-B','172934','3');
INSERT INTO reportData VALUES('ER258','ODM-C','64139','1');
INSERT INTO reportData VALUES('ER259','SJM-C','130824','1');
INSERT INTO reportData VALUES('ER260','JG-B','143317','1');
INSERT INTO reportData VALUES('ER261','SJM-C','175742','1');
INSERT INTO reportData VALUES('ER262','OL-C','153214','1');
INSERT INTO reportData VALUES('ER263','ODM-C','82529','1');
INSERT INTO reportData VALUES('ER264','BG-B','70350','3');
INSERT INTO reportData VALUES('ER265','OL-C','91419','1');
INSERT INTO reportData VALUES('ER266','JO-B','150030','2');
INSERT INTO reportData VALUES('ER267','BL-B','230230','1');
INSERT INTO reportData VALUES('ER268','OGM-C','205915','1');
INSERT INTO reportData VALUES('ER269','OJ-B','20325','2');
INSERT INTO reportData VALUES('ER270','JO-B','15539','2');
INSERT INTO reportData VALUES('ER271','JG-B','113803','3');
INSERT INTO reportData VALUES('ER272','OGM-C','55824','1');
INSERT INTO reportData VALUES('ER273','JCO-A','161620','4');
INSERT INTO reportData VALUES('ER274','GNM-C','84307','1');
INSERT INTO reportData VALUES('ER275','ODM-C','213605','1');
INSERT INTO reportData VALUES('ER276','JCO-B','61426','1');
INSERT INTO reportData VALUES('ER277','SJM-C','110454','1');
INSERT INTO reportData VALUES('ER278','JDM-C','14947','1');
INSERT INTO reportData VALUES('ER279','ODM-C','83831','1');
INSERT INTO reportData VALUES('ER280','JCO-B','182302','2');
INSERT INTO reportData VALUES('ER281','BG-B','95708','1');
INSERT INTO reportData VALUES('ER282','OS-B','141311','3');
INSERT INTO reportData VALUES('ER283','OJ-B','201852','3');
INSERT INTO reportData VALUES('ER284','BG-B','141905','3');
INSERT INTO reportData VALUES('ER285','JCO-B','170842','2');
INSERT INTO reportData VALUES('ER286','OGM-C','43254','1');
INSERT INTO reportData VALUES('ER287','JDM-C','83150','1');
INSERT INTO reportData VALUES('ER288','BL-B','121217','1');
INSERT INTO reportData VALUES('ER289','ODM-C','85545','1');
INSERT INTO reportData VALUES('ER290','BG-B','202822','1');
INSERT INTO reportData VALUES('ER291','OL-C','73629','1');
INSERT INTO reportData VALUES('ER292','JO-B','43311','3');
INSERT INTO reportData VALUES('ER293','GNM-C','25634','1');
INSERT INTO reportData VALUES('ER294','OS-B','94858','3');
INSERT INTO reportData VALUES('ER295','OS-B','212122','3');
INSERT INTO reportData VALUES('ER296','JG-B','211030','2');
INSERT INTO reportData VALUES('ER297','GNM-C','60742','1');
INSERT INTO reportData VALUES('ER298','JO-B','211858','3');
INSERT INTO reportData VALUES('ER299','OJ-B','41258','3');
INSERT INTO reportData VALUES('ER300','JDM-C','343','1');
INSERT INTO status_firestation_sejong VALUES('JCO-A','소방서','조치원소방서 ','세종특별자치시 조치원읍 세종로 2439','36.60479683','127.28891809999999','044-300-8313','5');
INSERT INTO status_firestation_sejong VALUES('SJ-A','소방서','세종소방서','세종특별자치시 절재로 301','36.50601488','127.2739352','044-300-8413','5');
INSERT INTO status_firestation_sejong VALUES('JCO-B','119안전센터','조치원119안전센터','조치원읍 세종로 2439','36.60479683','127.28891809999999','044-300-8523','3');
INSERT INTO status_firestation_sejong VALUES('OL-C','119지역대','원리119지역대','조치원읍 으뜸길 235','36.60172','127.296428','044-300-8562','1');
INSERT INTO status_firestation_sejong VALUES('JO-B','119안전센터','전의119안전센터','전의면 서정길 46-6','36.68647966','127.19234180000001','044-300-8533','3');
INSERT INTO status_firestation_sejong VALUES('SJM-C','119지역대','소정면119지역대','소정면 학교말길 17-3','36.72165115','127.15821159999999','044-300-8577','1');
INSERT INTO status_firestation_sejong VALUES('BG-B','119안전센터','부강119안전센터','부강면 청연로 7','36.52834441','127.3721168','044-300-8543','3');
INSERT INTO status_firestation_sejong VALUES('ODM-C','119지역대','연동면119지역대','연동면 내송길 18','36.55875661','127.32669550000001','nan','1');
INSERT INTO status_firestation_sejong VALUES('OS-B','119안전센터','연서119안전센터','연서면 도신고복로 306','36.58951441','127.2022248','044-300-8553','3');
INSERT INTO status_firestation_sejong VALUES('JDM-C','119지역대','전동면119지역대','전동면 운주산로 386','36.65604867','127.263729','044-300-8579','1');
INSERT INTO status_firestation_sejong VALUES('OJ-B','119안전센터','어진119안전센터','절재로 301','36.50601488','127.2739352','044-300-8623','3');
INSERT INTO status_firestation_sejong VALUES('OL-B','119안전센터','아름119안전센터','보듬3로 119','36.51141552','127.24664409999998','044-300-8633','3');
INSERT INTO status_firestation_sejong VALUES('OGM-C','119지역대','연기면119지역대','연기면 당산로 113-3','36.544121200000006','127.27589170000002','044-300-8609','1');
INSERT INTO status_firestation_sejong VALUES('HS-B','119안전센터','한솔119안전센터','노을3로 29','36.48050107','127.25920759999998','044-300-8643','3');
INSERT INTO status_firestation_sejong VALUES('BL-B','119안전센터','보람119안전센터','남세종로 436','36.47794768','127.29143789999999','044-300-8653','3');
INSERT INTO status_firestation_sejong VALUES('GNM-C','119지역대','금남면119지역대','금남면 용포로 59','36.46411188','127.28053999999999','nan','1');
INSERT INTO status_firestation_sejong VALUES('JG-B','119안전센터','장군119안전센터','장군면 장척로 387-4','36.49654061','127.20418240000001','044-300-8663','3');
INSERT INTO Weather VALUES('201101','11.9','5.1','1.0','86.1','r');
INSERT INTO Weather VALUES('201102','10.7','0.0','1.3','60.9','vf');
INSERT INTO Weather VALUES('201103','5.9','0.1','2.7','49.9','f');
INSERT INTO Weather VALUES('201104','4.0','0.0','1.2','54.3','vf');
INSERT INTO Weather VALUES('201105','7.5','0.0','0.7','60.4','vf');
INSERT INTO Weather VALUES('201106','11.2','0.3','0.6','71.4','r');
INSERT INTO Weather VALUES('201107','13.2','0.0','1.1','64.3','vf');
INSERT INTO Weather VALUES('201108','8.9','0.0','2.2','47.6','vf');
INSERT INTO Weather VALUES('201109','6.5','0.0','1.2','45.5','f');
INSERT INTO Weather VALUES('201110','7.6','0.0','1.5','51.4','vf');
INSERT INTO Weather VALUES('201111','7.9','0.0','0.5','57.3','vf');
INSERT INTO Weather VALUES('201112','9.2','0.0','0.6','58.0','vf');
INSERT INTO Weather VALUES('201113','9.7','0.0','0.6','71.3','f');
INSERT INTO Weather VALUES('201114','10.2','0.0','0.7','69.8','vf');
INSERT INTO Weather VALUES('201115','11.0','0.0','0.8','69.4','f');
INSERT INTO Weather VALUES('201116','10.9','0.0','0.5','74.5','f');
INSERT INTO Weather VALUES('201117','15.0','2.9','0.8','73.1','c');
INSERT INTO Weather VALUES('201118','15.8','3.3','0.8','91.1','vf');
INSERT INTO Weather VALUES('201119','15.8','32.1','2.4','81.5','c');
INSERT INTO Weather VALUES('201120','5.8','0.0','2.1','71.9','c');
INSERT INTO Weather VALUES('201121','7.8','0.0','1.6','61.4','f');
INSERT INTO Weather VALUES('201122','7.1','6.3','1.6','77.5','c');
INSERT INTO Weather VALUES('201123','3.3','0.0','1.7','57.5','f');
INSERT INTO Weather VALUES('201124','4.1','0.0','1.0','47.6','vf');
INSERT INTO Weather VALUES('201125','4.7','0.0','1.1','61.8','vf');
INSERT INTO Weather VALUES('201126','6.2','0.0','0.9','60.3','vf');
INSERT INTO Weather VALUES('201127','4.8','0.0','1.5','61.0','c');
INSERT INTO Weather VALUES('201128','2.3','0.0','2.0','50.1','f');
INSERT INTO Weather VALUES('201129','1.5','0.0','1.2','64.4','f');
INSERT INTO Weather VALUES('201130','0.9','0.0','1.2','64.1','f');



